Row,Emotion,Frequency (Hawkins Map),Chakra + Body Area,Color / SoulArt Vibe,Suggested additional support
Row 1,Shame,20,Root – Legs / Base of Spine,Deep Red,Grounding Breath + Forgiveness
Row 1,Guilt,30,Root – Hips,Crimson,Tap sacrum + affirm release
Row 1,Unworthiness,30,Root / Sacral,Burnt Orange,Color visualization in pelvic bowl
Row 1,Self-Disgust,20,Root – Feet,Brown / Red,Barefoot walk + soul release
Row 1,Humiliation,20,Root – Lower spine,Deep Red,Water ritual + breath
Row 2,Fear,100,Solar Plexus – Stomach,Yellow,Tapping + deep exhale
Row 2,Panic,100,Solar Plexus – Diaphragm,Bright Yellow,Hand on chest + soft humming
Row 2,Terror,100,Root / Adrenals,Red / Black,Body shake + voice release
Row 2,Dread,100,Solar Plexus,Mustard Yellow,Breath of fire + grounding
Row 2,Worry,100,Solar Plexus – Gut,Amber,Journaling + SoulArt focus
Row 3,Grief,75,Heart – Chest,Soft Pink,Heart-holding + weeping
Row 3,Loss,75,Heart – Lungs,Pearl / White,Breath + remembrance ritual
Row 3,Heartache,75,Heart,Rose Pink,Art expression + music
Row 3,Loneliness,75,Heart / Crown,Indigo / Lavender,Connection ritual
Row 3,Despair,75,Heart – Entire chest,Grey Blue,Grounding with crystal + water
Row 4,Anger,150,Liver – Right ribs,Fiery Red,Shaking + sound
Row 4,Rage,150,Solar Plexus / Throat,Red-Orange,Screaming into pillow + breath
Row 4,Frustration,150,Solar Plexus,Orange,Tapping + movement
Row 4,Resentment,150,Liver,Olive Green,Ho'oponopono ritual
Row 4,Bitterness,150,Gallbladder,Dark Green,Releasing affirmations
Row 5,Rejection,30,Throat / Heart,Muted Blue,Voice activation
Row 5,Abandonment,50,Sacral / Heart,Coral,Inner child connection
Row 5,Betrayal,50,Heart / Back,Green-Gold,Trust visualization
Row 5,Disapproval,50,Throat,Ice Blue,Speaking truth aloud
Row 5,Criticism,50,Head / Throat,Pale Yellow,Tapping + breath
Row 6,Doubt,100,Third Eye,Indigo,Eye gazing + meditation
Row 6,Hopelessness,75,Solar Plexus,Pale Grey,Sunlight + movement
Row 6,Confusion,100,Head,Silver,Color tracing in mind’s eye
Row 6,Denial,50,Crown,White / Purple,Surrender pose + prayer
Row 6,Disconnection,75,Crown / Whole body,Iridescent,Stillness + re-attunement